{
	"info": {
		"_postman_id": "65bb2217-73c1-4c1e-8a9e-61eb16cadafb",
		"name": "Product Catalog Mamanagement API",
		"description": "Product Catalog Information",
		"schema": "https://schema.getpostman.com/json/collection/v2.1.0/collection.json"
	},
	"item": [
		{
			"name": "products",
			"item": [
				{
					"name": "{id}",
					"item": [
						{
							"name": "Update a product.",
							"request": {
								"method": "PUT",
								"header": [
									{
										"key": "Content-Type",
										"value": "application/json"
									}
								],
								"body": {
									"mode": "raw",
									"raw": "{\n    \"id\": -73634031,\n    \"name\": \"nisi esse eu Lorem\",\n    \"description\": \"Excepteur irure ad minim aliquip\",\n    \"url\": \"occaecat proident adipisicing\",\n    \"isActive\": true,\n    \"isNew\": true,\n    \"retailPrice\": \"tempor elit do\",\n    \"salePrice\": \"ut occaecat\",\n    \"discount\": \"aute commodo\",\n    \"currencyId\": -17117929,\n    \"categoryId\": -59339852\n}",
									"options": {
										"raw": {
											"language": "json"
										}
									}
								},
								"url": {
									"raw": "{{baseUrl}}/products/:id",
									"host": [
										"{{baseUrl}}"
									],
									"path": [
										"products",
										":id"
									],
									"variable": [
										{
											"key": "id",
											"value": "-96636940",
											"description": "(Required) "
										}
									]
								}
							},
							"response": [
								{
									"name": "OK",
									"originalRequest": {
										"method": "PUT",
										"header": [],
										"body": {
											"mode": "raw",
											"raw": "{\n    \"id\": -73634031,\n    \"name\": \"nisi esse eu Lorem\",\n    \"description\": \"Excepteur irure ad minim aliquip\",\n    \"url\": \"occaecat proident adipisicing\",\n    \"isActive\": true,\n    \"isNew\": true,\n    \"retailPrice\": \"tempor elit do\",\n    \"salePrice\": \"ut occaecat\",\n    \"discount\": \"aute commodo\",\n    \"currencyId\": -17117929,\n    \"categoryId\": -59339852\n}",
											"options": {
												"raw": {
													"language": "json"
												}
											}
										},
										"url": {
											"raw": "{{baseUrl}}/products/:id",
											"host": [
												"{{baseUrl}}"
											],
											"path": [
												"products",
												":id"
											],
											"variable": [
												{
													"key": "id",
													"value": "-96636940",
													"description": "(Required) "
												}
											]
										}
									},
									"status": "OK",
									"code": 200,
									"_postman_previewlanguage": "text",
									"header": [
										{
											"key": "Content-Type",
											"value": "*/*"
										}
									],
									"cookie": [],
									"body": ""
								}
							]
						},
						{
							"name": "Delete a product.",
							"request": {
								"method": "DELETE",
								"header": [],
								"url": {
									"raw": "{{baseUrl}}/products/:id",
									"host": [
										"{{baseUrl}}"
									],
									"path": [
										"products",
										":id"
									],
									"variable": [
										{
											"key": "id",
											"value": "-96636940",
											"description": "(Required) "
										}
									]
								}
							},
							"response": [
								{
									"name": "OK",
									"originalRequest": {
										"method": "DELETE",
										"header": [],
										"url": {
											"raw": "{{baseUrl}}/products/:id",
											"host": [
												"{{baseUrl}}"
											],
											"path": [
												"products",
												":id"
											],
											"variable": [
												{
													"key": "id",
													"value": "-96636940",
													"description": "(Required) "
												}
											]
										}
									},
									"status": "OK",
									"code": 200,
									"_postman_previewlanguage": "text",
									"header": [
										{
											"key": "Content-Type",
											"value": "*/*"
										}
									],
									"cookie": [],
									"body": ""
								}
							]
						}
					]
				},
				{
					"name": "{product Id}/skus/{sku Id}",
					"item": [
						{
							"name": "Assign product to sku.",
							"request": {
								"method": "POST",
								"header": [],
								"url": {
									"raw": "{{baseUrl}}/products/:productId/skus/:skuId",
									"host": [
										"{{baseUrl}}"
									],
									"path": [
										"products",
										":productId",
										"skus",
										":skuId"
									],
									"variable": [
										{
											"key": "skuId",
											"value": "-96636940",
											"description": "(Required) "
										},
										{
											"key": "meidaId",
											"value": "-96636940",
											"description": "(Required) "
										}
									]
								}
							},
							"response": [
								{
									"name": "OK",
									"originalRequest": {
										"method": "POST",
										"header": [],
										"url": {
											"raw": "{{baseUrl}}/products/:productId/skus/:skuId",
											"host": [
												"{{baseUrl}}"
											],
											"path": [
												"products",
												":productId",
												"skus",
												":skuId"
											],
											"variable": [
												{
													"key": "skuId",
													"value": "-96636940",
													"description": "(Required) "
												},
												{
													"key": "meidaId",
													"value": "-96636940",
													"description": "(Required) "
												}
											]
										}
									},
									"status": "OK",
									"code": 200,
									"_postman_previewlanguage": "text",
									"header": [
										{
											"key": "Content-Type",
											"value": "*/*"
										}
									],
									"cookie": [],
									"body": ""
								}
							]
						},
						{
							"name": "Remove sku from media.",
							"request": {
								"method": "DELETE",
								"header": [],
								"url": {
									"raw": "{{baseUrl}}/products/:productId/skus/:skuId",
									"host": [
										"{{baseUrl}}"
									],
									"path": [
										"products",
										":productId",
										"skus",
										":skuId"
									],
									"variable": [
										{
											"key": "skuId",
											"value": "-96636940",
											"description": "(Required) "
										},
										{
											"key": "productId",
											"value": "-96636940",
											"description": "(Required) "
										}
									]
								}
							},
							"response": [
								{
									"name": "OK",
									"originalRequest": {
										"method": "DELETE",
										"header": [],
										"url": {
											"raw": "{{baseUrl}}/products/:productId/skus/:skuId",
											"host": [
												"{{baseUrl}}"
											],
											"path": [
												"products",
												":productId",
												"skus",
												":skuId"
											],
											"variable": [
												{
													"key": "skuId",
													"value": "-96636940",
													"description": "(Required) "
												},
												{
													"key": "productId",
													"value": "-96636940",
													"description": "(Required) "
												}
											]
										}
									},
									"status": "OK",
									"code": 200,
									"_postman_previewlanguage": "text",
									"header": [
										{
											"key": "Content-Type",
											"value": "*/*"
										}
									],
									"cookie": [],
									"body": ""
								}
							]
						}
					]
				},
				{
					"name": "{category}",
					"item": [
						{
							"name": "Get all products by gategory.",
							"request": {
								"method": "GET",
								"header": [],
								"url": {
									"raw": "{{baseUrl}}/products/:category",
									"host": [
										"{{baseUrl}}"
									],
									"path": [
										"products",
										":category"
									],
									"variable": [
										{
											"key": "category",
											"value": "velit",
											"description": "(Required) "
										}
									]
								}
							},
							"response": [
								{
									"name": "OK",
									"originalRequest": {
										"method": "GET",
										"header": [],
										"url": {
											"raw": "{{baseUrl}}/products/:category",
											"host": [
												"{{baseUrl}}"
											],
											"path": [
												"products",
												":category"
											],
											"variable": [
												{
													"key": "category",
													"value": "velit",
													"description": "(Required) "
												}
											]
										}
									},
									"status": "OK",
									"code": 200,
									"_postman_previewlanguage": "text",
									"header": [
										{
											"key": "Content-Type",
											"value": "*/*"
										}
									],
									"cookie": [],
									"body": ""
								}
							]
						},
						{
							"name": "Get all products by gategory and subcategory.",
							"request": {
								"method": "GET",
								"header": [],
								"url": {
									"raw": "{{baseUrl}}/products/:category/:subcategory",
									"host": [
										"{{baseUrl}}"
									],
									"path": [
										"products",
										":category",
										":subcategory"
									],
									"variable": [
										{
											"key": "category",
											"value": "velit",
											"description": "(Required) "
										},
										{
											"key": "subcategory",
											"value": "velit",
											"description": "(Required) "
										}
									]
								}
							},
							"response": [
								{
									"name": "OK",
									"originalRequest": {
										"method": "GET",
										"header": [],
										"url": {
											"raw": "{{baseUrl}}/products/:category/:subcategory",
											"host": [
												"{{baseUrl}}"
											],
											"path": [
												"products",
												":category",
												":subcategory"
											],
											"variable": [
												{
													"key": "category",
													"value": "velit",
													"description": "(Required) "
												},
												{
													"key": "subcategory",
													"value": "velit",
													"description": "(Required) "
												}
											]
										}
									},
									"status": "OK",
									"code": 200,
									"_postman_previewlanguage": "text",
									"header": [
										{
											"key": "Content-Type",
											"value": "*/*"
										}
									],
									"cookie": [],
									"body": ""
								}
							]
						}
					]
				},
				{
					"name": "Get all products.",
					"request": {
						"method": "GET",
						"header": [],
						"url": {
							"raw": "{{baseUrl}}/products",
							"host": [
								"{{baseUrl}}"
							],
							"path": [
								"products"
							]
						},
						"description": "Gets all product catalog with category and sku."
					},
					"response": [
						{
							"name": "OK",
							"originalRequest": {
								"method": "GET",
								"header": [],
								"url": {
									"raw": "{{baseUrl}}/products",
									"host": [
										"{{baseUrl}}"
									],
									"path": [
										"products"
									]
								}
							},
							"status": "OK",
							"code": 200,
							"_postman_previewlanguage": "text",
							"header": [
								{
									"key": "Content-Type",
									"value": "*/*"
								}
							],
							"cookie": [],
							"body": ""
						}
					]
				},
				{
					"name": "Create a new product.",
					"request": {
						"method": "POST",
						"header": [
							{
								"key": "Content-Type",
								"value": "application/json"
							}
						],
						"body": {
							"mode": "raw",
							"raw": "{\n    \"id\": -73634031,\n    \"name\": \"nisi esse eu Lorem\",\n    \"description\": \"Excepteur irure ad minim aliquip\",\n    \"url\": \"occaecat proident adipisicing\",\n    \"isActive\": true,\n    \"isNew\": true,\n    \"retailPrice\": \"tempor elit do\",\n    \"salePrice\": \"ut occaecat\",\n    \"discount\": \"aute commodo\",\n    \"currencyId\": -17117929,\n    \"categoryId\": -59339852\n}",
							"options": {
								"raw": {
									"language": "json"
								}
							}
						},
						"url": {
							"raw": "{{baseUrl}}/products",
							"host": [
								"{{baseUrl}}"
							],
							"path": [
								"products"
							]
						}
					},
					"response": [
						{
							"name": "OK",
							"originalRequest": {
								"method": "POST",
								"header": [],
								"body": {
									"mode": "raw",
									"raw": "{\n    \"id\": -73634031,\n    \"name\": \"nisi esse eu Lorem\",\n    \"description\": \"Excepteur irure ad minim aliquip\",\n    \"url\": \"occaecat proident adipisicing\",\n    \"isActive\": true,\n    \"isNew\": true,\n    \"retailPrice\": \"tempor elit do\",\n    \"salePrice\": \"ut occaecat\",\n    \"discount\": \"aute commodo\",\n    \"currencyId\": -17117929,\n    \"categoryId\": -59339852\n}",
									"options": {
										"raw": {
											"language": "json"
										}
									}
								},
								"url": {
									"raw": "{{baseUrl}}/products",
									"host": [
										"{{baseUrl}}"
									],
									"path": [
										"products"
									]
								}
							},
							"status": "OK",
							"code": 200,
							"_postman_previewlanguage": "text",
							"header": [
								{
									"key": "Content-Type",
									"value": "*/*"
								}
							],
							"cookie": [],
							"body": ""
						}
					]
				}
			]
		},
		{
			"name": "categories",
			"item": [
				{
					"name": "Get all categories.",
					"request": {
						"method": "GET",
						"header": [],
						"url": {
							"raw": "{{baseUrl}}/categories",
							"host": [
								"{{baseUrl}}"
							],
							"path": [
								"categories"
							]
						}
					},
					"response": [
						{
							"name": "OK",
							"originalRequest": {
								"method": "GET",
								"header": [],
								"url": {
									"raw": "{{baseUrl}}/categories",
									"host": [
										"{{baseUrl}}"
									],
									"path": [
										"categories"
									]
								}
							},
							"status": "OK",
							"code": 200,
							"_postman_previewlanguage": "text",
							"header": [
								{
									"key": "Content-Type",
									"value": "*/*"
								}
							],
							"cookie": [],
							"body": ""
						}
					]
				},
				{
					"name": "Update category.",
					"request": {
						"method": "PUT",
						"header": [
							{
								"key": "Content-Type",
								"value": "application/json"
							}
						],
						"body": {
							"mode": "raw",
							"raw": "{\n    \"id\": 36466123,\n    \"name\": \"consequat exercitation volupt\",\n    \"active\": false,\n    \"isFeatured\": true,\n    \"navigationIncluded\": true,\n    \"url\": \"reprehenderit dolore tempor\",\n    \"urlKey\": \"commodo\",\n    \"parent_id\": 41387400\n}",
							"options": {
								"raw": {
									"language": "json"
								}
							}
						},
						"url": {
							"raw": "{{baseUrl}}/categories",
							"host": [
								"{{baseUrl}}"
							],
							"path": [
								"categories"
							],
							"variable": [
								{
									"key": "id",
									"value": "-96636940",
									"description": "(Required) "
								}
							]
						}
					},
					"response": [
						{
							"name": "OK",
							"originalRequest": {
								"method": "PUT",
								"header": [],
								"body": {
									"mode": "raw",
									"raw": "{\n    \"id\": 36466123,\n    \"name\": \"consequat exercitation volupt\",\n    \"active\": false,\n    \"isFeatured\": true,\n    \"navigationIncluded\": true,\n    \"url\": \"reprehenderit dolore tempor\",\n    \"urlKey\": \"commodo\",\n    \"parent_id\": 41387400\n}",
									"options": {
										"raw": {
											"language": "json"
										}
									}
								},
								"url": {
									"raw": "{{baseUrl}}/categories",
									"host": [
										"{{baseUrl}}"
									],
									"path": [
										"categories"
									],
									"variable": [
										{
											"key": "id",
											"value": "-96636940",
											"description": "(Required) "
										}
									]
								}
							},
							"status": "OK",
							"code": 200,
							"_postman_previewlanguage": "text",
							"header": [
								{
									"key": "Content-Type",
									"value": "*/*"
								}
							],
							"cookie": [],
							"body": ""
						}
					]
				},
				{
					"name": "Create new category.",
					"request": {
						"method": "POST",
						"header": [
							{
								"key": "Content-Type",
								"value": "application/json"
							}
						],
						"body": {
							"mode": "raw",
							"raw": "{\n    \"id\": -32012197,\n    \"name\": \"ea laborum elit ullamco do\",\n    \"active\": false,\n    \"isFeatured\": false,\n    \"navigationIncluded\": false,\n    \"url\": \"enim consequat amet\",\n    \"urlKey\": \"in\",\n    \"parent\": {\n        \"id\": -20365366,\n        \"name\": \"eiusmod non\",\n        \"active\": false,\n        \"isFeatured\": true,\n        \"navigationIncluded\": true,\n        \"url\": \"eiusmod magna culpa nisi Lorem\",\n        \"urlKey\": \"est\",\n        \"parent\": {\n            \"value\": \"<Circular reference to #/components/schemas/Category detected>\"\n        }\n    }\n}",
							"options": {
								"raw": {
									"language": "json"
								}
							}
						},
						"url": {
							"raw": "{{baseUrl}}/categories",
							"host": [
								"{{baseUrl}}"
							],
							"path": [
								"categories"
							]
						}
					},
					"response": [
						{
							"name": "OK",
							"originalRequest": {
								"method": "POST",
								"header": [],
								"body": {
									"mode": "raw",
									"raw": "{\n    \"id\": -32012197,\n    \"name\": \"ea laborum elit ullamco do\",\n    \"active\": false,\n    \"isFeatured\": false,\n    \"navigationIncluded\": false,\n    \"url\": \"enim consequat amet\",\n    \"urlKey\": \"in\",\n    \"parent\": {\n        \"id\": -20365366,\n        \"name\": \"eiusmod non\",\n        \"active\": false,\n        \"isFeatured\": true,\n        \"navigationIncluded\": true,\n        \"url\": \"eiusmod magna culpa nisi Lorem\",\n        \"urlKey\": \"est\",\n        \"parent\": {\n            \"value\": \"<Circular reference to #/components/schemas/Category detected>\"\n        }\n    }\n}",
									"options": {
										"raw": {
											"language": "json"
										}
									}
								},
								"url": {
									"raw": "{{baseUrl}}/categories",
									"host": [
										"{{baseUrl}}"
									],
									"path": [
										"categories"
									]
								}
							},
							"status": "OK",
							"code": 200,
							"_postman_previewlanguage": "text",
							"header": [
								{
									"key": "Content-Type",
									"value": "*/*"
								}
							],
							"cookie": [],
							"body": ""
						}
					]
				},
				{
					"name": "Update category.",
					"request": {
						"method": "DELETE",
						"header": [],
						"url": {
							"raw": "{{baseUrl}}/categories?id=-96636940",
							"host": [
								"{{baseUrl}}"
							],
							"path": [
								"categories"
							],
							"query": [
								{
									"key": "id",
									"value": "-96636940",
									"description": "(Required) "
								}
							]
						}
					},
					"response": [
						{
							"name": "OK",
							"originalRequest": {
								"method": "DELETE",
								"header": [],
								"url": {
									"raw": "{{baseUrl}}/categories?id=-96636940",
									"host": [
										"{{baseUrl}}"
									],
									"path": [
										"categories"
									],
									"query": [
										{
											"key": "id",
											"value": "-96636940"
										}
									]
								}
							},
							"status": "OK",
							"code": 200,
							"_postman_previewlanguage": "text",
							"header": [
								{
									"key": "Content-Type",
									"value": "*/*"
								}
							],
							"cookie": [],
							"body": ""
						}
					]
				},
				{
					"name": "Get category by name",
					"request": {
						"method": "GET",
						"header": [],
						"url": {
							"raw": "{{baseUrl}}/categories/:name",
							"host": [
								"{{baseUrl}}"
							],
							"path": [
								"categories",
								":name"
							],
							"variable": [
								{
									"key": "name",
									"value": "velit",
									"description": "(Required) "
								}
							]
						}
					},
					"response": [
						{
							"name": "OK",
							"originalRequest": {
								"method": "GET",
								"header": [],
								"url": {
									"raw": "{{baseUrl}}/categories/:name",
									"host": [
										"{{baseUrl}}"
									],
									"path": [
										"categories",
										":name"
									],
									"variable": [
										{
											"key": "name",
											"value": "velit",
											"description": "(Required) "
										}
									]
								}
							},
							"status": "OK",
							"code": 200,
							"_postman_previewlanguage": "text",
							"header": [
								{
									"key": "Content-Type",
									"value": "*/*"
								}
							],
							"cookie": [],
							"body": ""
						}
					]
				}
			]
		},
		{
			"name": "skus",
			"item": [
				{
					"name": "{sku Id}/products/{product Id}",
					"item": [
						{
							"name": "Assign product to sku.",
							"request": {
								"method": "POST",
								"header": [],
								"url": {
									"raw": "{{baseUrl}}/skus/:skuId/products/:productId",
									"host": [
										"{{baseUrl}}"
									],
									"path": [
										"skus",
										":skuId",
										"products",
										":productId"
									],
									"variable": [
										{
											"key": "skuId",
											"value": "-96636940",
											"description": "(Required) "
										},
										{
											"key": "meidaId",
											"value": "-96636940",
											"description": "(Required) "
										}
									]
								}
							},
							"response": [
								{
									"name": "OK",
									"originalRequest": {
										"method": "POST",
										"header": [],
										"url": {
											"raw": "{{baseUrl}}/skus/:skuId/products/:productId",
											"host": [
												"{{baseUrl}}"
											],
											"path": [
												"skus",
												":skuId",
												"products",
												":productId"
											],
											"variable": [
												{
													"key": "skuId",
													"value": "-96636940",
													"description": "(Required) "
												},
												{
													"key": "meidaId",
													"value": "-96636940",
													"description": "(Required) "
												}
											]
										}
									},
									"status": "OK",
									"code": 200,
									"_postman_previewlanguage": "text",
									"header": [
										{
											"key": "Content-Type",
											"value": "*/*"
										}
									],
									"cookie": [],
									"body": ""
								}
							]
						},
						{
							"name": "Remove sku from media.",
							"request": {
								"method": "DELETE",
								"header": [],
								"url": {
									"raw": "{{baseUrl}}/skus/:skuId/products/:productId",
									"host": [
										"{{baseUrl}}"
									],
									"path": [
										"skus",
										":skuId",
										"products",
										":productId"
									],
									"variable": [
										{
											"key": "skuId",
											"value": "-96636940",
											"description": "(Required) "
										},
										{
											"key": "productId",
											"value": "-96636940",
											"description": "(Required) "
										}
									]
								}
							},
							"response": [
								{
									"name": "OK",
									"originalRequest": {
										"method": "DELETE",
										"header": [],
										"url": {
											"raw": "{{baseUrl}}/skus/:skuId/products/:productId",
											"host": [
												"{{baseUrl}}"
											],
											"path": [
												"skus",
												":skuId",
												"products",
												":productId"
											],
											"variable": [
												{
													"key": "skuId",
													"value": "-96636940",
													"description": "(Required) "
												},
												{
													"key": "productId",
													"value": "-96636940",
													"description": "(Required) "
												}
											]
										}
									},
									"status": "OK",
									"code": 200,
									"_postman_previewlanguage": "text",
									"header": [
										{
											"key": "Content-Type",
											"value": "*/*"
										}
									],
									"cookie": [],
									"body": ""
								}
							]
						}
					]
				},
				{
					"name": "{id}",
					"item": [
						{
							"name": "Get sku by name.",
							"request": {
								"method": "GET",
								"header": [],
								"url": {
									"raw": "{{baseUrl}}/skus/:id",
									"host": [
										"{{baseUrl}}"
									],
									"path": [
										"skus",
										":id"
									],
									"variable": [
										{
											"key": "id",
											"value": "-96636940",
											"description": "(Required) "
										}
									]
								}
							},
							"response": [
								{
									"name": "OK",
									"originalRequest": {
										"method": "GET",
										"header": [],
										"url": {
											"raw": "{{baseUrl}}/skus/:id",
											"host": [
												"{{baseUrl}}"
											],
											"path": [
												"skus",
												":id"
											],
											"variable": [
												{
													"key": "id",
													"value": "-96636940",
													"description": "(Required) "
												}
											]
										}
									},
									"status": "OK",
									"code": 200,
									"_postman_previewlanguage": "text",
									"header": [
										{
											"key": "Content-Type",
											"value": "*/*"
										}
									],
									"cookie": [],
									"body": ""
								}
							]
						},
						{
							"name": "Delete Sku",
							"request": {
								"method": "DELETE",
								"header": [],
								"url": {
									"raw": "{{baseUrl}}/skus/:id",
									"host": [
										"{{baseUrl}}"
									],
									"path": [
										"skus",
										":id"
									],
									"variable": [
										{
											"key": "id",
											"value": "-96636940",
											"description": "(Required) "
										}
									]
								}
							},
							"response": [
								{
									"name": "OK",
									"originalRequest": {
										"method": "DELETE",
										"header": [],
										"url": {
											"raw": "{{baseUrl}}/skus/:id",
											"host": [
												"{{baseUrl}}"
											],
											"path": [
												"skus",
												":id"
											],
											"variable": [
												{
													"key": "id",
													"value": "-96636940",
													"description": "(Required) "
												}
											]
										}
									},
									"status": "OK",
									"code": 200,
									"_postman_previewlanguage": "text",
									"header": [
										{
											"key": "Content-Type",
											"value": "*/*"
										}
									],
									"cookie": [],
									"body": ""
								}
							]
						}
					]
				},
				{
					"name": "Get all sku.",
					"request": {
						"method": "GET",
						"header": [],
						"url": {
							"raw": "{{baseUrl}}/skus",
							"host": [
								"{{baseUrl}}"
							],
							"path": [
								"skus"
							]
						}
					},
					"response": [
						{
							"name": "OK",
							"originalRequest": {
								"method": "GET",
								"header": [],
								"url": {
									"raw": "{{baseUrl}}/skus",
									"host": [
										"{{baseUrl}}"
									],
									"path": [
										"skus"
									]
								}
							},
							"status": "OK",
							"code": 200,
							"_postman_previewlanguage": "text",
							"header": [
								{
									"key": "Content-Type",
									"value": "*/*"
								}
							],
							"cookie": [],
							"body": ""
						}
					]
				},
				{
					"name": "Create Sku",
					"request": {
						"method": "POST",
						"header": [
							{
								"key": "Content-Type",
								"value": "application/json"
							}
						],
						"body": {
							"mode": "raw",
							"raw": "{\n    \"id\": -42498483,\n    \"name\": \"incididunt anim sed ea\",\n    \"description\": \"occaecat magna eu\",\n    \"shortDescription\": \"in laboris nulla occaecat\",\n    \"startDate\": \"1955-09-04T09:29:01.139Z\",\n    \"retailPrice\": \"laboru\",\n    \"salePrice\": \"aliqua labore pariatur cillum\",\n    \"basePriceUnit\": \"officia veniam exercitation\",\n    \"discount\": \"et qui non magna\",\n    \"isActive\": false,\n    \"isAvailable\": true,\n    \"inventoryType\": \"mollit id sit\",\n    \"wwSku\": \"ullamco incididunt id \",\n    \"productType\": \"in amet dolore\",\n    \"quantityAvailable\": -29909035,\n    \"isSubscription\": false,\n    \"taxCode\": \"enim labore mollit officia\",\n    \"fulfillmentType\": {\n        \"friendlyName\": \"Duis\",\n        \"type\": \"culpa proident in dolor c\"\n    },\n    \"media\": [\n        {\n            \"id\": -26055360,\n            \"title\": \"dolor ut\",\n            \"tags\": \"in ipsum\",\n            \"geturl\": \"consequat\",\n            \"altText\": \"magna aliq\"\n        },\n        {\n            \"id\": 77650949,\n            \"title\": \"do cillum eiusmod irure id\",\n            \"tags\": \"in\",\n            \"geturl\": \"labore\",\n            \"altText\": \"voluptate eiusmod tempor\"\n        }\n    ]\n}",
							"options": {
								"raw": {
									"language": "json"
								}
							}
						},
						"url": {
							"raw": "{{baseUrl}}/skus",
							"host": [
								"{{baseUrl}}"
							],
							"path": [
								"skus"
							]
						}
					},
					"response": [
						{
							"name": "OK",
							"originalRequest": {
								"method": "POST",
								"header": [],
								"body": {
									"mode": "raw",
									"raw": "{\n    \"id\": -42498483,\n    \"name\": \"incididunt anim sed ea\",\n    \"description\": \"occaecat magna eu\",\n    \"shortDescription\": \"in laboris nulla occaecat\",\n    \"startDate\": \"1955-09-04T09:29:01.139Z\",\n    \"retailPrice\": \"laboru\",\n    \"salePrice\": \"aliqua labore pariatur cillum\",\n    \"basePriceUnit\": \"officia veniam exercitation\",\n    \"discount\": \"et qui non magna\",\n    \"isActive\": false,\n    \"isAvailable\": true,\n    \"inventoryType\": \"mollit id sit\",\n    \"wwSku\": \"ullamco incididunt id \",\n    \"productType\": \"in amet dolore\",\n    \"quantityAvailable\": -29909035,\n    \"isSubscription\": false,\n    \"taxCode\": \"enim labore mollit officia\",\n    \"fulfillmentType\": {\n        \"friendlyName\": \"Duis\",\n        \"type\": \"culpa proident in dolor c\"\n    },\n    \"media\": [\n        {\n            \"id\": -26055360,\n            \"title\": \"dolor ut\",\n            \"tags\": \"in ipsum\",\n            \"geturl\": \"consequat\",\n            \"altText\": \"magna aliq\"\n        },\n        {\n            \"id\": 77650949,\n            \"title\": \"do cillum eiusmod irure id\",\n            \"tags\": \"in\",\n            \"geturl\": \"labore\",\n            \"altText\": \"voluptate eiusmod tempor\"\n        }\n    ]\n}",
									"options": {
										"raw": {
											"language": "json"
										}
									}
								},
								"url": {
									"raw": "{{baseUrl}}/skus",
									"host": [
										"{{baseUrl}}"
									],
									"path": [
										"skus"
									]
								}
							},
							"status": "OK",
							"code": 200,
							"_postman_previewlanguage": "text",
							"header": [
								{
									"key": "Content-Type",
									"value": "*/*"
								}
							],
							"cookie": [],
							"body": ""
						}
					]
				},
				{
					"name": "Get sku by name.",
					"request": {
						"method": "GET",
						"header": [],
						"url": {
							"raw": "{{baseUrl}}/skus/:name",
							"host": [
								"{{baseUrl}}"
							],
							"path": [
								"skus",
								":name"
							],
							"variable": [
								{
									"key": "name",
									"value": "velit",
									"description": "(Required) "
								}
							]
						}
					},
					"response": [
						{
							"name": "OK",
							"originalRequest": {
								"method": "GET",
								"header": [],
								"url": {
									"raw": "{{baseUrl}}/skus/:name",
									"host": [
										"{{baseUrl}}"
									],
									"path": [
										"skus",
										":name"
									],
									"variable": [
										{
											"key": "name",
											"value": "velit",
											"description": "(Required) "
										}
									]
								}
							},
							"status": "OK",
							"code": 200,
							"_postman_previewlanguage": "text",
							"header": [
								{
									"key": "Content-Type",
									"value": "*/*"
								}
							],
							"cookie": [],
							"body": ""
						}
					]
				}
			]
		},
		{
			"name": "sku/{sku Id}/media/{meida Id}",
			"item": [
				{
					"name": "Assign sku to media.",
					"request": {
						"method": "POST",
						"header": [],
						"url": {
							"raw": "{{baseUrl}}/sku/:skuId/media/:meidaId",
							"host": [
								"{{baseUrl}}"
							],
							"path": [
								"sku",
								":skuId",
								"media",
								":meidaId"
							],
							"variable": [
								{
									"key": "skuId",
									"value": "-96636940",
									"description": "(Required) "
								},
								{
									"key": "meidaId",
									"value": "-96636940",
									"description": "(Required) "
								}
							]
						}
					},
					"response": [
						{
							"name": "OK",
							"originalRequest": {
								"method": "POST",
								"header": [],
								"url": {
									"raw": "{{baseUrl}}/sku/:skuId/media/:meidaId",
									"host": [
										"{{baseUrl}}"
									],
									"path": [
										"sku",
										":skuId",
										"media",
										":meidaId"
									],
									"variable": [
										{
											"key": "skuId",
											"value": "-96636940",
											"description": "(Required) "
										},
										{
											"key": "meidaId",
											"value": "-96636940",
											"description": "(Required) "
										}
									]
								}
							},
							"status": "OK",
							"code": 200,
							"_postman_previewlanguage": "text",
							"header": [
								{
									"key": "Content-Type",
									"value": "*/*"
								}
							],
							"cookie": [],
							"body": ""
						}
					]
				},
				{
					"name": "Remove sku from media.",
					"request": {
						"method": "DELETE",
						"header": [],
						"url": {
							"raw": "{{baseUrl}}/sku/:skuId/media/:meidaId",
							"host": [
								"{{baseUrl}}"
							],
							"path": [
								"sku",
								":skuId",
								"media",
								":meidaId"
							],
							"variable": [
								{
									"key": "skuId",
									"value": "-96636940",
									"description": "(Required) "
								},
								{
									"key": "meidaId",
									"value": "-96636940",
									"description": "(Required) "
								}
							]
						}
					},
					"response": [
						{
							"name": "OK",
							"originalRequest": {
								"method": "DELETE",
								"header": [],
								"url": {
									"raw": "{{baseUrl}}/sku/:skuId/media/:meidaId",
									"host": [
										"{{baseUrl}}"
									],
									"path": [
										"sku",
										":skuId",
										"media",
										":meidaId"
									],
									"variable": [
										{
											"key": "skuId",
											"value": "-96636940",
											"description": "(Required) "
										},
										{
											"key": "meidaId",
											"value": "-96636940",
											"description": "(Required) "
										}
									]
								}
							},
							"status": "OK",
							"code": 200,
							"_postman_previewlanguage": "text",
							"header": [
								{
									"key": "Content-Type",
									"value": "*/*"
								}
							],
							"cookie": [],
							"body": ""
						}
					]
				}
			]
		},
		{
			"name": "medias",
			"item": [
				{
					"name": "{id}",
					"item": [
						{
							"name": "Get media by id.",
							"request": {
								"method": "GET",
								"header": [],
								"url": {
									"raw": "{{baseUrl}}/medias/:id",
									"host": [
										"{{baseUrl}}"
									],
									"path": [
										"medias",
										":id"
									],
									"variable": [
										{
											"key": "id"
										}
									]
								},
								"description": "Get media by id."
							},
							"response": [
								{
									"name": "OK",
									"originalRequest": {
										"method": "GET",
										"header": [],
										"url": {
											"raw": "{{baseUrl}}/medias/:id",
											"host": [
												"{{baseUrl}}"
											],
											"path": [
												"medias",
												":id"
											],
											"variable": [
												{
													"key": "id"
												}
											]
										}
									},
									"status": "OK",
									"code": 200,
									"_postman_previewlanguage": "text",
									"header": [
										{
											"key": "Content-Type",
											"value": "*/*"
										}
									],
									"cookie": [],
									"body": ""
								}
							]
						},
						{
							"name": "Create Media",
							"request": {
								"method": "POST",
								"header": [
									{
										"key": "Content-Type",
										"value": "application/json"
									}
								],
								"body": {
									"mode": "raw",
									"raw": "{\n    \"id\": -60000372,\n    \"title\": \"exercitation ea aliqua voluptate mollit\",\n    \"tags\": \"commodo sed dolore\",\n    \"geturl\": \"in ve\",\n    \"altText\": \"officia fugiat\"\n}",
									"options": {
										"raw": {
											"language": "json"
										}
									}
								},
								"url": {
									"raw": "{{baseUrl}}/medias/:id",
									"host": [
										"{{baseUrl}}"
									],
									"path": [
										"medias",
										":id"
									],
									"variable": [
										{
											"key": "id"
										}
									]
								}
							},
							"response": [
								{
									"name": "OK",
									"originalRequest": {
										"method": "POST",
										"header": [],
										"body": {
											"mode": "raw",
											"raw": "{\n    \"id\": -60000372,\n    \"title\": \"exercitation ea aliqua voluptate mollit\",\n    \"tags\": \"commodo sed dolore\",\n    \"geturl\": \"in ve\",\n    \"altText\": \"officia fugiat\"\n}",
											"options": {
												"raw": {
													"language": "json"
												}
											}
										},
										"url": {
											"raw": "{{baseUrl}}/medias/:id",
											"host": [
												"{{baseUrl}}"
											],
											"path": [
												"medias",
												":id"
											],
											"variable": [
												{
													"key": "id"
												}
											]
										}
									},
									"status": "OK",
									"code": 200,
									"_postman_previewlanguage": "text",
									"header": [
										{
											"key": "Content-Type",
											"value": "*/*"
										}
									],
									"cookie": [],
									"body": ""
								}
							]
						},
						{
							"name": "Delete Media",
							"request": {
								"method": "DELETE",
								"header": [],
								"url": {
									"raw": "{{baseUrl}}/medias/:id",
									"host": [
										"{{baseUrl}}"
									],
									"path": [
										"medias",
										":id"
									],
									"variable": [
										{
											"key": "Id",
											"value": "-96636940",
											"description": "(Required) "
										}
									]
								}
							},
							"response": [
								{
									"name": "OK",
									"originalRequest": {
										"method": "DELETE",
										"header": [],
										"url": {
											"raw": "{{baseUrl}}/medias/:id",
											"host": [
												"{{baseUrl}}"
											],
											"path": [
												"medias",
												":id"
											],
											"variable": [
												{
													"key": "Id",
													"value": "-96636940",
													"description": "(Required) "
												}
											]
										}
									},
									"status": "OK",
									"code": 200,
									"_postman_previewlanguage": "text",
									"header": [
										{
											"key": "Content-Type",
											"value": "*/*"
										}
									],
									"cookie": [],
									"body": ""
								}
							]
						}
					]
				},
				{
					"name": "Get all media.",
					"request": {
						"method": "GET",
						"header": [],
						"url": {
							"raw": "{{baseUrl}}/medias",
							"host": [
								"{{baseUrl}}"
							],
							"path": [
								"medias"
							]
						},
						"description": "Gets all media details."
					},
					"response": [
						{
							"name": "OK",
							"originalRequest": {
								"method": "GET",
								"header": [],
								"url": {
									"raw": "{{baseUrl}}/medias",
									"host": [
										"{{baseUrl}}"
									],
									"path": [
										"medias"
									]
								}
							},
							"status": "OK",
							"code": 200,
							"_postman_previewlanguage": "text",
							"header": [
								{
									"key": "Content-Type",
									"value": "*/*"
								}
							],
							"cookie": [],
							"body": ""
						}
					]
				}
			]
		},
		{
			"name": "currency",
			"item": [
				{
					"name": "Get all currency.",
					"request": {
						"method": "GET",
						"header": [],
						"url": {
							"raw": "{{baseUrl}}/currency",
							"host": [
								"{{baseUrl}}"
							],
							"path": [
								"currency"
							],
							"variable": [
								{
									"key": "name",
									"value": "velit",
									"description": "(Required) "
								}
							]
						}
					},
					"response": [
						{
							"name": "OK",
							"originalRequest": {
								"method": "GET",
								"header": [],
								"url": {
									"raw": "{{baseUrl}}/currency",
									"host": [
										"{{baseUrl}}"
									],
									"path": [
										"currency"
									],
									"variable": [
										{
											"key": "name",
											"value": "velit",
											"description": "(Required) "
										}
									]
								}
							},
							"status": "OK",
							"code": 200,
							"_postman_previewlanguage": "text",
							"header": [
								{
									"key": "Content-Type",
									"value": "*/*"
								}
							],
							"cookie": [],
							"body": ""
						}
					]
				},
				{
					"name": "Create currency",
					"request": {
						"method": "POST",
						"header": [
							{
								"key": "Content-Type",
								"value": "application/json"
							}
						],
						"body": {
							"mode": "raw",
							"raw": "{\n    \"name\": \"elit dolore nulla\"\n}",
							"options": {
								"raw": {
									"language": "json"
								}
							}
						},
						"url": {
							"raw": "{{baseUrl}}/currency",
							"host": [
								"{{baseUrl}}"
							],
							"path": [
								"currency"
							]
						}
					},
					"response": [
						{
							"name": "OK",
							"originalRequest": {
								"method": "POST",
								"header": [],
								"body": {
									"mode": "raw",
									"raw": "{\n    \"name\": \"elit dolore nulla\"\n}",
									"options": {
										"raw": {
											"language": "json"
										}
									}
								},
								"url": {
									"raw": "{{baseUrl}}/currency",
									"host": [
										"{{baseUrl}}"
									],
									"path": [
										"currency"
									]
								}
							},
							"status": "OK",
							"code": 200,
							"_postman_previewlanguage": "text",
							"header": [
								{
									"key": "Content-Type",
									"value": "*/*"
								}
							],
							"cookie": [],
							"body": ""
						}
					]
				},
				{
					"name": "Get currency by name.",
					"request": {
						"method": "GET",
						"header": [],
						"url": {
							"raw": "{{baseUrl}}/currency/:name",
							"host": [
								"{{baseUrl}}"
							],
							"path": [
								"currency",
								":name"
							],
							"variable": [
								{
									"key": "name",
									"value": "velit",
									"description": "(Required) "
								}
							]
						}
					},
					"response": [
						{
							"name": "OK",
							"originalRequest": {
								"method": "GET",
								"header": [],
								"url": {
									"raw": "{{baseUrl}}/currency/:name",
									"host": [
										"{{baseUrl}}"
									],
									"path": [
										"currency",
										":name"
									],
									"variable": [
										{
											"key": "name",
											"value": "velit",
											"description": "(Required) "
										}
									]
								}
							},
							"status": "OK",
							"code": 200,
							"_postman_previewlanguage": "text",
							"header": [
								{
									"key": "Content-Type",
									"value": "*/*"
								}
							],
							"cookie": [],
							"body": ""
						}
					]
				},
				{
					"name": "Create currency",
					"request": {
						"method": "DELETE",
						"header": [],
						"url": {
							"raw": "{{baseUrl}}/currency/:id",
							"host": [
								"{{baseUrl}}"
							],
							"path": [
								"currency",
								":id"
							],
							"variable": [
								{
									"key": "id",
									"value": "-96636940",
									"description": "(Required) "
								}
							]
						}
					},
					"response": [
						{
							"name": "OK",
							"originalRequest": {
								"method": "DELETE",
								"header": [],
								"url": {
									"raw": "{{baseUrl}}/currency/:id",
									"host": [
										"{{baseUrl}}"
									],
									"path": [
										"currency",
										":id"
									],
									"variable": [
										{
											"key": "id",
											"value": "-96636940",
											"description": "(Required) "
										}
									]
								}
							},
							"status": "OK",
							"code": 200,
							"_postman_previewlanguage": "text",
							"header": [
								{
									"key": "Content-Type",
									"value": "*/*"
								}
							],
							"cookie": [],
							"body": ""
						}
					]
				}
			]
		}
	],
	"variable": [
		{
			"key": "baseUrl",
			"value": "http://localhost:9010",
			"type": "string"
		}
	]
}